{
  "feature_columns": [
    "sales",
    "sales_growth",
    "ebit_margin",
    "depreciation_ratio",
    "capex_ratio",
    "nwc_ratio",
    "payout_ratio",
    "leverage_ratio"
  ],
  "aux_features": [
    "is_bank"
  ],
  "transform_config": {
    "sales": "log1p"
  },
  "bank_tickers": [
    "JPM"
  ],
  "x_mean": [
    26.25503921508789,
    0.09510347247123718,
    0.18680736422538757,
    0.04985622316598892,
    0.083534374833107,
    0.07636222243309021,
    0.10063072293996811,
    0.6627933382987976,
    0.0
  ],
  "x_std": [
    0.43254977464675903,
    0.09323430061340332,
    0.1138700470328331,
    0.02078518271446228,
    0.055735476315021515,
    0.15064290165901184,
    0.05165819823741913,
    0.03611764684319496,
    1.0
  ],
  "y_mean": [
    26.297670364379883,
    0.04484550654888153,
    0.18227948248386383,
    0.04864919185638428,
    0.08381383121013641,
    0.08648844808340073,
    0.12126622349023819,
    0.6559263467788696
  ],
  "y_std": [
    0.385673463344574,
    0.051672082394361496,
    0.12464836239814758,
    0.019021594896912575,
    0.05747630447149277,
    0.15780004858970642,
    0.041457224637269974,
    0.012004677206277847
  ]
}