{
  "feature_columns": [
    "log_sales",
    "sales_per_asset",
    "sales_growth",
    "ebit_margin",
    "depreciation_ratio",
    "capex_ratio",
    "nwc_ratio",
    "payout_ratio",
    "leverage_ratio"
  ],
  "aux_features": [
    "is_bank"
  ],
  "transform_config": {},
  "bank_tickers": [
    "C",
    "JPM",
    "BAC"
  ],
  "x_mean": [
    25.38609504699707,
    0.4489125609397888,
    0.08403416723012924,
    0.1079893633723259,
    0.04261200875043869,
    0.045357316732406616,
    0.13455472886562347,
    0.30387619137763977,
    0.6094490885734558,
    0.4285714328289032
  ],
  "x_std": [
    0.7100135087966919,
    0.3926278054714203,
    0.07286778092384338,
    0.11225765198469162,
    0.01667771302163601,
    0.046187981963157654,
    0.36894163489341736,
    0.159735769033432,
    0.06044287607073784,
    0.4948716163635254
  ],
  "y_mean": [
    25.44162368774414,
    0.4486890137195587,
    0.058815207332372665,
    0.11261169612407684,
    0.041182991117239,
    0.0467979721724987,
    0.1590183973312378,
    0.29883909225463867,
    0.6131842732429504
  ],
  "y_std": [
    0.708198606967926,
    0.38856589794158936,
    0.06110749393701553,
    0.11867707222700119,
    0.015349455177783966,
    0.04681774228811264,
    0.36004066467285156,
    0.1500808596611023,
    0.04798894375562668
  ]
}