{
  "feature_columns": [
    "sales",
    "log_sales",
    "sales_per_asset",
    "sales_growth",
    "ebit_margin",
    "depreciation_ratio",
    "capex_ratio",
    "nwc_ratio",
    "payout_ratio",
    "leverage_ratio",
    "tangible_equity_ratio",
    "net_interest_margin",
    "interest_income_ratio",
    "interest_expense_ratio",
    "asset_growth",
    "equity_growth",
    "net_income_growth",
    "tangible_equity_growth",
    "capex_ratio_lag1",
    "capex_ratio_lag2",
    "depreciation_ratio_lag1",
    "depreciation_ratio_lag2",
    "ebit_margin_lag1",
    "ebit_margin_lag2",
    "leverage_ratio_lag1",
    "leverage_ratio_lag2",
    "log_sales_lag1",
    "log_sales_lag2",
    "nwc_ratio_lag1",
    "nwc_ratio_lag2",
    "payout_ratio_lag1",
    "payout_ratio_lag2",
    "sales_growth_lag1",
    "sales_growth_lag2",
    "sales_lag1",
    "sales_lag2",
    "sales_per_asset_lag1",
    "sales_per_asset_lag2"
  ],
  "aux_features": [
    "is_bank"
  ],
  "transform_config": {},
  "bank_tickers": [
    "BAC",
    "C",
    "JPM"
  ],
  "x_mean": [
    138037067776.0,
    25.38609504699707,
    0.4489125609397888,
    0.08403416723012924,
    0.1079893633723259,
    0.04261200875043869,
    0.045357316732406616,
    0.13455472886562347,
    0.30387619137763977,
    0.6094490885734558,
    0.09049466997385025,
    0.006731564644724131,
    0.018548935651779175,
    0.01126842387020588,
    0.015914663672447205,
    0.02603376843035221,
    -0.009740946814417839,
    0.11993326991796494,
    0.02166302688419819,
    0.0,
    0.02176705375313759,
    0.0,
    0.05210278555750847,
    0.0,
    0.30582863092422485,
    0.0,
    12.675836563110352,
    0.0,
    0.05513185262680054,
    0.0,
    0.15061531960964203,
    0.0,
    0.04717026278376579,
    0.0,
    67365212160.0,
    0.0,
    0.22164084017276764,
    0.0
  ],
  "x_std": [
    110488133632.0,
    0.7100135087966919,
    0.3926278054714203,
    0.07286778092384338,
    0.11225765198469162,
    0.01667771302163601,
    0.046187981963157654,
    0.36894163489341736,
    0.159735769033432,
    0.06044287607073784,
    0.09039796888828278,
    0.011671321466565132,
    0.017465749755501747,
    0.008185976184904575,
    0.03752584755420685,
    0.11575932800769806,
    0.2305203378200531,
    0.1728724092245102,
    0.038300927728414536,
    1.0,
    0.024858204647898674,
    1.0,
    0.092893086373806,
    1.0,
    0.3101266622543335,
    1.0,
    12.685905456542969,
    1.0,
    0.2706449627876282,
    1.0,
    0.18488210439682007,
    1.0,
    0.06880541890859604,
    1.0,
    104264015872.0,
    1.0,
    0.3553308844566345,
    1.0
  ],
  "aux_dim": 1,
  "y_mean": [
    144543203328.0,
    25.44162368774414,
    0.4486890137195587,
    0.058815207332372665,
    0.11261169612407684,
    0.041182991117239,
    0.0467979721724987,
    0.1590183973312378,
    0.29883909225463867,
    0.6131842732429504,
    0.08867375552654266,
    0.0071677896194159985,
    0.02392028644680977,
    0.015956835821270943,
    0.03612859174609184,
    0.051065560430288315,
    0.054415393620729446,
    0.15069153904914856,
    0.045357316732406616,
    0.02166302688419819,
    0.04261200875043869,
    0.02176705375313759,
    0.1079893633723259,
    0.05210278555750847,
    0.6094490885734558,
    0.30582863092422485,
    25.38609504699707,
    12.675836563110352,
    0.13455472886562347,
    0.05513185262680054,
    0.30387619137763977,
    0.15061531960964203,
    0.08403416723012924,
    0.04717026278376579,
    138037067776.0,
    67365212160.0,
    0.4489125609397888,
    0.22164084017276764
  ],
  "y_std": [
    109815422976.0,
    0.708198606967926,
    0.38856589794158936,
    0.06110749393701553,
    0.11867707222700119,
    0.015349455177783966,
    0.04681774228811264,
    0.36004066467285156,
    0.1500808596611023,
    0.04798894375562668,
    0.09848372638225555,
    0.012537791393697262,
    0.022390931844711304,
    0.011621427722275257,
    0.05745178461074829,
    0.09736927598714828,
    0.24752159416675568,
    0.22900795936584473,
    0.046187981963157654,
    0.038300927728414536,
    0.01667771302163601,
    0.024858204647898674,
    0.11225765198469162,
    0.092893086373806,
    0.06044287607073784,
    0.3101266622543335,
    0.7100135087966919,
    12.685905456542969,
    0.36894163489341736,
    0.2706449627876282,
    0.159735769033432,
    0.18488210439682007,
    0.07286778092384338,
    0.06880541890859604,
    110488133632.0,
    104264015872.0,
    0.3926278054714203,
    0.3553308844566345
  ]
}
