{"loss": [0.9928298592567444, 0.87362140417099, 0.8155564069747925, 0.7359289526939392, 0.6665201187133789], "mae": [0.8389216661453247, 0.7901290059089661, 0.7362947463989258, 0.7111653685569763, 0.674835205078125], "val_loss": [7.425343990325928, 7.404504776000977, 7.377692699432373, 7.346398830413818, 7.333256721496582], "val_mae": [2.087951183319092, 2.085904359817505, 2.081449508666992, 2.0757436752319336, 2.066072702407837]}