{"loss": [1.1150126457214355, 1.0198289155960083, 0.9262089133262634, 0.8972482085227966, 0.8451738357543945], "mae": [0.8815723657608032, 0.8411610722541809, 0.8015221357345581, 0.7849846482276917, 0.7556076049804688], "val_loss": [4.430002212524414, 4.399025917053223, 4.362788200378418, 4.337493419647217, 4.314732551574707], "val_mae": [1.560323715209961, 1.5409480333328247, 1.5205622911453247, 1.5034635066986084, 1.4890862703323364]}
