{
  "num_seeds": 5,
  "metrics": {
    "runtime_s": {
      "PF": {
        "mean": 52.17713529880857,
        "std": 1.9432544016636903
      },
      "DifferentiablePF": {
        "mean": 51.680094488407484,
        "std": 1.7891609976538851
      },
      "EKF": {
        "mean": 10.614262343407608,
        "std": 1.6560566117130524
      },
      "UKF": {
        "mean": 1.8402900739805772,
        "std": 0.10393036892726287
      }
    },
    "peak_memory_kb": {
      "PF": {
        "mean": 33565.6310546875,
        "std": 326.51347930879336
      },
      "DifferentiablePF": {
        "mean": 34056.450390625,
        "std": 190.0467519886535
      },
      "EKF": {
        "mean": 2414.0642578125,
        "std": 89.64882562509597
      },
      "UKF": {
        "mean": 2206.990234375,
        "std": 14.513845909983848
      }
    },
    "log_likelihood": {
      "PF": {
        "mean": -30.332348251342772,
        "std": 14.50228999798904
      },
      "DifferentiablePF": {
        "mean": -103.64184112548828,
        "std": 15.794798808180763
      },
      "EKF": {
        "mean": -10.092404174804688,
        "std": 0.7179367148666684
      },
      "UKF": {
        "mean": -9.989024543762207,
        "std": 0.9016526898006593
      }
    },
    "ess_mean": {
      "PF": {
        "mean": 169.56160888671874,
        "std": 10.205427088874572
      },
      "DifferentiablePF": {
        "mean": 181.46790466308593,
        "std": 23.358771566987375
      },
      "EKF": {
        "mean": null,
        "std": null
      },
      "UKF": {
        "mean": null,
        "std": null
      }
    }
  }
}