{
  "seed": 3,
  "dpf_results": {
    "DPF_Soft": {
      "runtime_s": 56.48288225999568,
      "peak_memory_kb": 33270.2919921875,
      "log_likelihood": -89.1412124633789,
      "ess_mean": 94.39786529541016
    },
    "DPF_OT_Low": {
      "runtime_s": 59.88648943498265,
      "peak_memory_kb": 33510.466796875,
      "log_likelihood": -119.01383972167969,
      "ess_mean": 93.50331115722656
    },
    "DPF_OT": {
      "runtime_s": 61.19443931092974,
      "peak_memory_kb": 33990.65625,
      "log_likelihood": -133.3595733642578,
      "ess_mean": 145.2449493408203
    }
  }
}