{
  "num_seeds": 5,
  "metrics": {
    "runtime_s": {
      "DPF_Soft": {
        "mean": 61.68008240258787,
        "std": 10.883675567139282
      },
      "DPF_OT_Low": {
        "mean": 60.808499899785964,
        "std": 5.34728384684613
      },
      "DPF_OT": {
        "mean": 58.57488695799839,
        "std": 5.511056845104435
      }
    },
    "peak_memory_kb": {
      "DPF_Soft": {
        "mean": 33580.396875,
        "std": 322.4881463796133
      },
      "DPF_OT_Low": {
        "mean": 33514.014453125,
        "std": 10.114459570544282
      },
      "DPF_OT": {
        "mean": 34029.7212890625,
        "std": 158.2881484498508
      }
    },
    "log_likelihood": {
      "DPF_Soft": {
        "mean": -87.55572509765625,
        "std": 0.8891225113459481
      },
      "DPF_OT_Low": {
        "mean": -97.6330352783203,
        "std": 11.310467219802392
      },
      "DPF_OT": {
        "mean": -103.64184112548828,
        "std": 15.794798808180763
      }
    },
    "ess_mean": {
      "DPF_Soft": {
        "mean": 120.03289337158203,
        "std": 16.179413732188795
      },
      "DPF_OT_Low": {
        "mean": 163.17185974121094,
        "std": 36.44273614199355
      },
      "DPF_OT": {
        "mean": 181.46790466308593,
        "std": 23.358771566987375
      }
    }
  }
}