{
  "seed": 4,
  "dpf_results": {
    "DPF_Soft": {
      "runtime_s": 53.87875127897132,
      "peak_memory_kb": 33621.525390625,
      "log_likelihood": -87.76148223876953,
      "ess_mean": 119.67160034179688
    },
    "DPF_OT_Low": {
      "runtime_s": 52.10686561500188,
      "peak_memory_kb": 33509.3427734375,
      "log_likelihood": -91.86405944824219,
      "ess_mean": 173.27513122558594
    },
    "DPF_OT": {
      "runtime_s": 53.938707138062455,
      "peak_memory_kb": 34181.38671875,
      "log_likelihood": -98.46173858642578,
      "ess_mean": 171.09202575683594
    }
  }
}