{
  "config": {
    "pipeline": {
      "num_timesteps": 4,
      "latent_dim": 2,
      "observation_dim": 1,
      "control_dim": 0,
      "true_log_process_scale": -0.2,
      "true_log_observation_scale": -0.35,
      "dpf_num_particles": 6,
      "pg_num_particles": 6,
      "random_seed": 21,
      "hmc_num_results": 12,
      "hmc_burnin": 4,
      "hmc_step_size": 0.05,
      "hmc_proposal_noise": 0.06,
      "pg_iterations": 14,
      "pg_step_size": 0.08,
      "prior_scale": 1.0,
      "neural_ot_model": null,
      "dpf_resampling": "soft",
      "output_json": "reports/artifacts/neural_state_space_inference.json",
      "status_md": "reports/q2/status/bonus_neural_ssm.md",
      "config": "configs/q2/neural_state_space_inference.json"
    },
    "dpf_hmc": {
      "num_results": 12,
      "num_burnin_steps": 4,
      "step_size": 0.05,
      "prior_scale": 1.0,
      "num_particles": 6,
      "proposal_noise": 0.06
    },
    "particle_gibbs": {
      "num_iterations": 14,
      "step_size": 0.08,
      "prior_scale": 1.0,
      "num_particles": 6
    }
  },
  "true_parameters": {
    "log_process": -0.20000000298023224,
    "log_observation": -0.3499999940395355
  },
  "dpf_hmc": {
    "mean_log_process": 0.09783739596605301,
    "mean_log_observation": -0.07957024872303009,
    "std_log_process": 0.06995799392461777,
    "std_log_observation": 0.07118460536003113,
    "rmse_log_process": 0.30594319105148315,
    "rmse_log_observation": 0.279641717672348,
    "acceptance_rate": 1.0,
    "ess": [
      5.408412456512451,
      5.945828914642334
    ],
    "runtime_seconds": 30.11688995361328,
    "samples": [
      [
        -0.06410306692123413,
        -0.12376914918422699
      ],
      [
        0.022192247211933136,
        -0.12137924134731293
      ],
      [
        0.06150110438466072,
        0.004340566694736481
      ],
      [
        0.13744884729385376,
        -0.09353090077638626
      ],
      [
        0.1993798315525055,
        -0.10947272926568985
      ],
      [
        0.18376463651657104,
        -0.15389496088027954
      ],
      [
        0.10236639529466629,
        -0.19324171543121338
      ],
      [
        0.1386997103691101,
        -0.1098797395825386
      ],
      [
        0.1454816460609436,
        -0.07440702617168427
      ],
      [
        0.11340418457984924,
        -0.06233751401305199
      ],
      [
        0.07362832129001617,
        0.03705408424139023
      ],
      [
        0.060284972190856934,
        0.0456753633916378
      ]
    ]
  },
  "particle_gibbs": {
    "mean_log_process": -0.3623140752315521,
    "mean_log_observation": -0.2641633152961731,
    "std_log_process": 0.11183677613735199,
    "std_log_observation": 0.045945629477500916,
    "rmse_log_process": 0.19711245596408844,
    "rmse_log_observation": 0.09735982865095139,
    "acceptance_rate": 0.7142857313156128,
    "ess": [
      3.3703885078430176,
      7.978055000305176
    ],
    "runtime_seconds": 8.504334449768066,
    "samples": [
      [
        -0.20000000298023224,
        -0.3499999940395355
      ],
      [
        -0.13602183759212494,
        -0.3642961084842682
      ],
      [
        -0.2001858651638031,
        -0.30351680517196655
      ],
      [
        -0.29618239402770996,
        -0.20345772802829742
      ],
      [
        -0.3667578101158142,
        -0.2567451298236847
      ],
      [
        -0.3667578101158142,
        -0.2567451298236847
      ],
      [
        -0.3667578101158142,
        -0.2567451298236847
      ],
      [
        -0.3667578101158142,
        -0.2567451298236847
      ],
      [
        -0.4235049784183502,
        -0.23397523164749146
      ],
      [
        -0.49745771288871765,
        -0.22853484749794006
      ],
      [
        -0.48445001244544983,
        -0.29142799973487854
      ],
      [
        -0.4804594814777374,
        -0.21970561146736145
      ],
      [
        -0.4066073000431061,
        -0.2533009350299835
      ],
      [
        -0.48049601912498474,
        -0.22309064865112305
      ]
    ],
    "log_likelihood_trace": [
      -15.170713424682617,
      -15.361907958984375,
      -14.927087783813477,
      -14.297065734863281,
      -14.419666290283203,
      -14.419666290283203,
      -14.419666290283203,
      -14.419666290283203,
      -14.38266658782959,
      -14.25522232055664,
      -14.406124114990234,
      -14.574007034301758,
      -14.583328247070312,
      -14.350835800170898
    ]
  }
}