{
  "ParticleFilter": {
    "rmse_mean": 0.464486175775528,
    "rmse_std": 0.07618629139605426,
    "rmse_by_dim_mean": [
      0.4235408902168274,
      0.5006093978881836
    ],
    "rmse_by_dim_std": [
      0.05743193253874779,
      0.09903746843338013
    ],
    "rmse_per_timestep_mean": [
      0.39545896649360657,
      0.44736284017562866,
      0.7313703894615173,
      0.6027215719223022,
      0.5907672047615051,
      0.4140377938747406,
      0.27330565452575684,
      0.3851134181022644,
      0.4816085696220398,
      0.480663001537323,
      0.35539764165878296,
      0.43599215149879456,
      0.40026840567588806,
      0.5619975924491882,
      0.4695959687232971,
      0.4291682243347168,
      0.37735286355018616,
      0.3576357662677765,
      0.46644458174705505,
      0.42994871735572815,
      0.4385708272457123,
      0.4803801476955414,
      0.5076183080673218,
      0.4065008759498596,
      0.337070107460022,
      0.37045803666114807,
      0.42871689796447754,
      0.44215869903564453,
      0.42536744475364685,
      0.39522138237953186,
      0.33121204376220703,
      0.2879496216773987,
      0.36154502630233765,
      0.3555546700954437,
      0.42336225509643555,
      0.30967122316360474,
      0.24376921355724335,
      0.2615158259868622,
      0.16432714462280273,
      0.2664620280265808
    ],
    "rmse_per_timestep_std": [
      0.15948206186294556,
      0.24382901191711426,
      0.33264070749282837,
      0.5096277594566345,
      0.3711366653442383,
      0.17462854087352753,
      0.19022449851036072,
      0.07901663333177567,
      0.12301052361726761,
      0.08796742558479309,
      0.1981683075428009,
      0.11264066398143768,
      0.17450645565986633,
      0.28297537565231323,
      0.25342071056365967,
      0.08860137313604355,
      0.1796419620513916,
      0.1650077849626541,
      0.1608751267194748,
      0.09626507014036179,
      0.06994383037090302,
      0.13236364722251892,
      0.23836073279380798,
      0.2235729843378067,
      0.19613532721996307,
      0.18220917880535126,
      0.24182596802711487,
      0.2824266254901886,
      0.20702803134918213,
      0.23615428805351257,
      0.17180722951889038,
      0.15492656826972961,
      0.1608666032552719,
      0.23551997542381287,
      0.1613268256187439,
      0.2375752031803131,
      0.12348894029855728,
      0.13519607484340668,
      0.10752809047698975,
      0.22103740274906158
    ],
    "log_likelihood_mean": -243.51033782958984,
    "log_likelihood_std": 67.61884766935815,
    "ess_min_mean": 56.93357925415039,
    "ess_min_std": 17.439624677872885,
    "ess_mean_mean": 130.37237243652345,
    "ess_mean_std": 6.386830107250719,
    "ess_ratio_min_mean": 0.2965290606021881,
    "ess_ratio_min_std": 0.09083138064020999,
    "ess_ratio_mean_mean": 0.6790228128433228,
    "ess_ratio_mean_std": 0.03326472311004239,
    "ess_ratio_sequence_mean": [
      0.6764112710952759,
      0.731549859046936,
      0.5350855588912964,
      0.580414891242981,
      0.5586307048797607,
      0.6052225828170776,
      0.6655808091163635,
      0.7397385835647583,
      0.7115980386734009,
      0.5852213501930237,
      0.6153087615966797,
      0.6178630590438843,
      0.8148332834243774,
      0.6836312413215637,
      0.7251493334770203,
      0.5573647022247314,
      0.7987675666809082,
      0.7723941206932068,
      0.7439348101615906,
      0.7369551062583923,
      0.726192831993103,
      0.6498702764511108,
      0.5925157070159912,
      0.6717991828918457,
      0.6000088453292847,
      0.6939427256584167,
      0.6949717402458191,
      0.6690843105316162,
      0.70010906457901,
      0.6893621683120728,
      0.6669279336929321,
      0.6494313478469849,
      0.6620078682899475,
      0.6420225501060486,
      0.6408642530441284,
      0.7454859018325806,
      0.7185991406440735,
      0.7027230262756348,
      0.7967101335525513,
      0.792627215385437
    ],
    "ess_ratio_sequence_std": [
      0.18425092101097107,
      0.11102047562599182,
      0.0442422516644001,
      0.09954611212015152,
      0.20070526003837585,
      0.2257097214460373,
      0.22852925956249237,
      0.13369666039943695,
      0.10410609096288681,
      0.19560806453227997,
      0.09425782412290573,
      0.21359597146511078,
      0.12661685049533844,
      0.21725717186927795,
      0.13470010459423065,
      0.2913234233856201,
      0.12968352437019348,
      0.1321583241224289,
      0.11401519924402237,
      0.11974184960126877,
      0.09324010461568832,
      0.07044793665409088,
      0.12529122829437256,
      0.16387225687503815,
      0.09424992650747299,
      0.15636301040649414,
      0.1562148630619049,
      0.17143689095973969,
      0.15275053679943085,
      0.15519483387470245,
      0.15670622885227203,
      0.13848233222961426,
      0.14176656305789948,
      0.12887629866600037,
      0.15296372771263123,
      0.17671388387680054,
      0.17554745078086853,
      0.19240447878837585,
      0.169361874461174,
      0.1750534176826477
    ],
    "runtime_mean": 57.420239176834,
    "runtime_std": 5.024069885918726,
    "notes": "Degeneracy visible when ESS ratio dips below resample threshold"
  },
  "DifferentiablePF": {
    "rmse_mean": 1.573123037815094,
    "rmse_std": 0.8769897423019382,
    "rmse_by_dim_mean": [
      1.528894066810608,
      1.6035652160644531
    ],
    "rmse_by_dim_std": [
      0.792969822883606,
      0.9746356010437012
    ],
    "rmse_per_timestep_mean": [
      0.6189538240432739,
      0.7045317888259888,
      0.9336051940917969,
      0.9771667718887329,
      1.05355966091156,
      1.1139228343963623,
      1.1199595928192139,
      1.1904351711273193,
      1.2367956638336182,
      1.300039291381836,
      1.335632085800171,
      1.4311237335205078,
      1.5002623796463013,
      1.3341991901397705,
      1.402170181274414,
      1.4218294620513916,
      1.5367763042449951,
      1.5936553478240967,
      1.5351074934005737,
      1.6049516201019287,
      1.5568372011184692,
      1.5153003931045532,
      1.4904035329818726,
      1.5554248094558716,
      1.7062355279922485,
      1.7246053218841553,
      1.6620296239852905,
      1.64542555809021,
      1.6878833770751953,
      1.7103397846221924,
      1.7483209371566772,
      1.7736988067626953,
      1.8161720037460327,
      1.845768690109253,
      1.7940452098846436,
      1.6237213611602783,
      1.8160585165023804,
      1.7546718120574951,
      1.8515456914901733,
      1.898268461227417
    ],
    "rmse_per_timestep_std": [
      0.2961209714412689,
      0.6180781722068787,
      0.6064443588256836,
      0.5400325655937195,
      0.5977814793586731,
      0.681054949760437,
      0.6924806237220764,
      0.663712203502655,
      0.7870611548423767,
      0.7642441391944885,
      0.7530226707458496,
      0.7632508873939514,
      0.6638097763061523,
      0.6168450117111206,
      0.664044201374054,
      0.8175698518753052,
      0.8596677184104919,
      0.8224599957466125,
      0.9433236718177795,
      0.9412174820899963,
      0.9941572546958923,
      1.061906337738037,
      1.11154043674469,
      1.2199718952178955,
      1.181325078010559,
      1.2057242393493652,
      1.2983391284942627,
      1.2234320640563965,
      1.1906169652938843,
      1.1446526050567627,
      1.1754975318908691,
      1.230430006980896,
      1.2318847179412842,
      1.131657600402832,
      1.0755088329315186,
      1.2197623252868652,
      1.2691682577133179,
      1.2620869874954224,
      1.2199350595474243,
      1.2182139158248901
    ],
    "log_likelihood_mean": -293.4945465087891,
    "log_likelihood_std": 62.010968529878646,
    "ess_min_mean": 33.11264593601227,
    "ess_min_std": 34.05069709796836,
    "ess_mean_mean": 124.64128189086914,
    "ess_mean_std": 44.13210235213494,
    "ess_ratio_min_mean": 0.17246170127764343,
    "ess_ratio_min_std": 0.1773473854909714,