{
  "seed": 4,
  "pfpf_results": {
    "PF_PF_LEDH": {
      "runtime_s": 26049.438094048062,
      "peak_memory_kb": 145844.609375,
      "log_likelihood": -17.921489715576172,
      "ess_mean": 178.6188507080078,
      "aux_stats": {
        "mean_flow_log_jacobian": -0.14826224744319916
      }
    },
    "PF_PF_SPF_A": {
      "runtime_s": 28015.855234751012,
      "peak_memory_kb": 302735.44921875,
      "log_likelihood": -9.297534942626953,
      "ess_mean": 174.35997009277344,
      "aux_stats": {
        "mean_flow_log_jacobian": -0.19267837703227997
      }
    },
    "PF_PF_SPF_B": {
      "runtime_s": 24823.73858785117,
      "peak_memory_kb": 302320.3681640625,
      "log_likelihood": -9.775006294250488,
      "ess_mean": 172.52853393554688,
      "aux_stats": {
        "mean_flow_log_jacobian": -0.19278942048549652
      }
    },
    "PF_PF_SPF_C": {
      "runtime_s": 38801.097856723936,
      "peak_memory_kb": 429327.125,
      "log_likelihood": -16.996442794799805,
      "ess_mean": 173.10977172851562,
      "aux_stats": {
        "mean_flow_log_jacobian": -0.11822555959224701
      }
    }
  }
}