{
  "num_seeds": 5,
  "metrics": {
    "runtime_s": {
      "PF_PF_LEDH": {
        "mean": 26081.612244637196,
        "std": 1079.8754770021617
      },
      "PF_PF_SPF_A": {
        "mean": 31533.589022554806,
        "std": 6539.025005373937
      },
      "PF_PF_SPF_B": {
        "mean": 24244.144065801822,
        "std": 1420.5312235461038
      },
      "PF_PF_SPF_C": {
        "mean": 40650.748573995406,
        "std": 4895.402932713314
      }
    },
    "peak_memory_kb": {
      "PF_PF_LEDH": {
        "mean": 146101.6337890625,
        "std": 520.4766368466985
      },
      "PF_PF_SPF_A": {
        "mean": 302532.3189453125,
        "std": 330.9747995629112
      },
      "PF_PF_SPF_B": {
        "mean": 302579.6546875,
        "std": 138.22107294651198
      },
      "PF_PF_SPF_C": {
        "mean": 429146.4271484375,
        "std": 361.1732038046495
      }
    },
    "log_likelihood": {
      "PF_PF_LEDH": {
        "mean": -17.811183357238768,
        "std": 6.255023404072271
      },
      "PF_PF_SPF_A": {
        "mean": -15.485969924926758,
        "std": 8.142931485530543
      },
      "PF_PF_SPF_B": {
        "mean": -13.015585136413574,
        "std": 4.668518059502899
      },
      "PF_PF_SPF_C": {
        "mean": -17.190343856811523,
        "std": 3.1320916347174212
      }
    },
    "ess_mean": {
      "PF_PF_LEDH": {
        "mean": 179.17957153320313,
        "std": 5.780178509338913
      },
      "PF_PF_SPF_A": {
        "mean": 174.16906127929687,
        "std": 9.485215753629518
      },
      "PF_PF_SPF_B": {
        "mean": 177.54661560058594,
        "std": 10.36227824411136
      },
      "PF_PF_SPF_C": {
        "mean": 177.702978515625,
        "std": 8.618122728970533
      }
    }
  }
}