{
  "seed": 1,
  "pfpf_results": {
    "PF_PF_LEDH": {
      "runtime_s": 22312.41550391796,
      "peak_memory_kb": 145840.6865234375,
      "log_likelihood": -14.854310035705566,
      "ess_mean": 173.52926635742188,
      "aux_stats": {
        "mean_flow_log_jacobian": -0.13695716857910156
      }
    },
    "PF_PF_Stochastic": {
      "runtime_s": 14705.821446307993,
      "peak_memory_kb": 239160.74609375,
      "log_likelihood": -1.88584566116333,
      "ess_mean": 181.25823974609375,
      "aux_stats": {
        "mean_flow_log_jacobian": -0.2456699162721634
      }
    }
  }
}