{
  "num_seeds": 5,
  "metrics": {
    "runtime_s": {
      "PF_PF_LEDH": {
        "mean": 23613.949737032013,
        "std": 1597.642607060507
      },
      "PF_PF_Stochastic": {
        "mean": 15459.7063649234,
        "std": 672.271529277263
      }
    },
    "peak_memory_kb": {
      "PF_PF_LEDH": {
        "mean": 146100.40390625,
        "std": 520.7916619777499
      },
      "PF_PF_Stochastic": {
        "mean": 239114.8568359375,
        "std": 87.9934713143965
      }
    },
    "log_likelihood": {
      "PF_PF_LEDH": {
        "mean": -17.811183357238768,
        "std": 6.255023404072271
      },
      "PF_PF_Stochastic": {
        "mean": -8.373014354705811,
        "std": 10.31908913674253
      }
    },
    "ess_mean": {
      "PF_PF_LEDH": {
        "mean": 179.17957153320313,
        "std": 5.780178509338913
      },
      "PF_PF_Stochastic": {
        "mean": 176.48143005371094,
        "std": 8.907972594350696
      }
    }
  }
}