{
  "net_income": 10127000000.0,
  "cost_to_income_ratio": 0.9458921567486412,
  "quick_ratio": 0.9016570490761819,
  "debt_to_equity": 1.8937404722645677,
  "debt_to_assets": 0.44583321126182873,
  "debt_to_capital": 0.6544265079800244,
  "interest_coverage": 10.206366630076838,
  "debt_to_ebit": 13.093245859324586
}