{
  "net_income": 12550000000.0,
  "cost_to_income_ratio": -8.669466403162055,
  "quick_ratio": 0.5151167572012898,
  "debt_to_equity": 0.3311155050731017,
  "debt_to_assets": 0.15377706280581807,
  "debt_to_capital": 0.24875039304340282,
  "interest_coverage": -19.860294117647058,
  "debt_to_ebit": 1.2134130216321997
}